{"Packages":[{"Package":{"Id":"UiPath.UIAutomation.Activities","Version":"18.3.6897.22543"},"Assemblies":["C:\\Users\\Sonali\\.nuget\\packages\\avalonedit/5.0.3\\lib/Net40/ICSharpCode.AvalonEdit.dll","C:\\Users\\Sonali\\.nuget\\packages\\caliburn.micro/3.0.1\\lib/net45/Caliburn.Micro.Platform.Core.dll","C:\\Users\\Sonali\\.nuget\\packages\\caliburn.micro/3.0.1\\lib/net45/Caliburn.Micro.Platform.dll","C:\\Users\\Sonali\\.nuget\\packages\\caliburn.micro/3.0.1\\lib/net45/System.Windows.Interactivity.dll","C:\\Users\\Sonali\\.nuget\\packages\\caliburn.micro.core/3.0.1\\lib/net45/Caliburn.Micro.dll","C:\\Users\\Sonali\\.nuget\\packages\\extended.wpf.toolkit/2.8.0\\lib/net40/Xceed.Wpf.AvalonDock.Themes.Aero.dll","C:\\Users\\Sonali\\.nuget\\packages\\extended.wpf.toolkit/2.8.0\\lib/net40/Xceed.Wpf.AvalonDock.Themes.Metro.dll","C:\\Users\\Sonali\\.nuget\\packages\\extended.wpf.toolkit/2.8.0\\lib/net40/Xceed.Wpf.AvalonDock.Themes.VS2010.dll","C:\\Users\\Sonali\\.nuget\\packages\\extended.wpf.toolkit/2.8.0\\lib/net40/Xceed.Wpf.AvalonDock.dll","C:\\Users\\Sonali\\.nuget\\packages\\extended.wpf.toolkit/2.8.0\\lib/net40/Xceed.Wpf.DataGrid.dll","C:\\Users\\Sonali\\.nuget\\packages\\extended.wpf.toolkit/2.8.0\\lib/net40/Xceed.Wpf.Toolkit.dll","C:\\Users\\Sonali\\.nuget\\packages\\humanizer.core/2.4.2\\lib/netstandard2.0/Humanizer.dll","C:\\Users\\Sonali\\.nuget\\packages\\uipath/9.0.6893.27943\\lib/UiPath.Interop.dll","C:\\Users\\Sonali\\.nuget\\packages\\uipath.uiautomation.activities/18.3.6897.22543\\lib/net461/ActiproSoftware.Docking.Wpf.dll","C:\\Users\\Sonali\\.nuget\\packages\\uipath.uiautomation.activities/18.3.6897.22543\\lib/net461/ActiproSoftware.Editors.Wpf.dll","C:\\Users\\Sonali\\.nuget\\packages\\uipath.uiautomation.activities/18.3.6897.22543\\lib/net461/ActiproSoftware.Ribbon.Wpf.dll","C:\\Users\\Sonali\\.nuget\\packages\\uipath.uiautomation.activities/18.3.6897.22543\\lib/net461/ActiproSoftware.Shared.Wpf.dll","C:\\Users\\Sonali\\.nuget\\packages\\uipath.uiautomation.activities/18.3.6897.22543\\lib/net461/ActiproSoftware.SyntaxEditor.Addons.DotNet.Wpf.dll","C:\\Users\\Sonali\\.nuget\\packages\\uipath.uiautomation.activities/18.3.6897.22543\\lib/net461/ActiproSoftware.SyntaxEditor.Wpf.dll","C:\\Users\\Sonali\\.nuget\\packages\\uipath.uiautomation.activities/18.3.6897.22543\\lib/net461/ActiproSoftware.Text.Addons.DotNet.Wpf.dll","C:\\Users\\Sonali\\.nuget\\packages\\uipath.uiautomation.activities/18.3.6897.22543\\lib/net461/ActiproSoftware.Text.LLParser.Wpf.dll","C:\\Users\\Sonali\\.nuget\\packages\\uipath.uiautomation.activities/18.3.6897.22543\\lib/net461/ActiproSoftware.Text.Wpf.dll","C:\\Users\\Sonali\\.nuget\\packages\\uipath.uiautomation.activities/18.3.6897.22543\\lib/net461/ActiproSoftware.Wizard.Wpf.dll","C:\\Users\\Sonali\\.nuget\\packages\\uipath.uiautomation.activities/18.3.6897.22543\\lib/net461/UiPath.UIAutomation.Activities.Design.dll","C:\\Users\\Sonali\\.nuget\\packages\\uipath.uiautomation.activities/18.3.6897.22543\\lib/net461/UiPath.UiAutomation.Activities.dll","C:\\Users\\Sonali\\.nuget\\packages\\uipath.uiautomation.activities/18.3.6897.22543\\lib/net461/UiPath.Wizards.dll","C:\\Users\\Sonali\\.nuget\\packages\\uipath.vision/1.1.0\\lib/net452/UiPath.Vision.Core.dll","C:\\Users\\Sonali\\.nuget\\packages\\uipath.vision/1.1.0\\lib/net452/UiPath.Vision.Package.dll","C:\\Users\\Sonali\\.nuget\\packages\\uipath.vision/1.1.0\\lib/net452/UiPath.Vision.dll"]},{"Package":{"Id":"UiPath.System.Activities","Version":"18.3.6897.22524"},"Assemblies":["C:\\Users\\Sonali\\.nuget\\packages\\csvhelper/2.13.5\\lib/net40-client/CsvHelper.dll","C:\\Users\\Sonali\\.nuget\\packages\\microsoft.rest.clientruntime/2.3.10\\lib/net452/Microsoft.Rest.ClientRuntime.dll","C:\\Users\\Sonali\\.nuget\\packages\\newtonsoft.json/10.0.3\\lib/net45/Newtonsoft.Json.dll","C:\\Users\\Sonali\\.nuget\\packages\\uipath.system.activities/18.3.6897.22524\\lib/net461/ActiproSoftware.Docking.Wpf.dll","C:\\Users\\Sonali\\.nuget\\packages\\uipath.system.activities/18.3.6897.22524\\lib/net461/ActiproSoftware.Ribbon.Wpf.dll","C:\\Users\\Sonali\\.nuget\\packages\\uipath.system.activities/18.3.6897.22524\\lib/net461/ActiproSoftware.Shared.Wpf.dll","C:\\Users\\Sonali\\.nuget\\packages\\uipath.system.activities/18.3.6897.22524\\lib/net461/ActiproSoftware.SyntaxEditor.Addons.DotNet.Wpf.dll","C:\\Users\\Sonali\\.nuget\\packages\\uipath.system.activities/18.3.6897.22524\\lib/net461/ActiproSoftware.SyntaxEditor.Wpf.dll","C:\\Users\\Sonali\\.nuget\\packages\\uipath.system.activities/18.3.6897.22524\\lib/net461/ActiproSoftware.Text.Addons.DotNet.Wpf.dll","C:\\Users\\Sonali\\.nuget\\packages\\uipath.system.activities/18.3.6897.22524\\lib/net461/ActiproSoftware.Text.LLParser.Wpf.dll","C:\\Users\\Sonali\\.nuget\\packages\\uipath.system.activities/18.3.6897.22524\\lib/net461/ActiproSoftware.Text.Wpf.dll","C:\\Users\\Sonali\\.nuget\\packages\\uipath.system.activities/18.3.6897.22524\\lib/net461/ActiproSoftware.Wizard.Wpf.dll","C:\\Users\\Sonali\\.nuget\\packages\\uipath.system.activities/18.3.6897.22524\\lib/net461/UiPath.OrchestratorClient.dll","C:\\Users\\Sonali\\.nuget\\packages\\uipath.system.activities/18.3.6897.22524\\lib/net461/UiPath.System.Activities.Design.dll","C:\\Users\\Sonali\\.nuget\\packages\\uipath.system.activities/18.3.6897.22524\\lib/net461/UiPath.System.Activities.dll"]},{"Package":{"Id":"UiPath.Excel.Activities","Version":"2.4.6884.25683"},"Assemblies":["C:\\Users\\Sonali\\.nuget\\packages\\closedxml/0.87.1\\lib/net40/ClosedXML.dll","C:\\Users\\Sonali\\.nuget\\packages\\csvhelper/2.13.5\\lib/net40-client/CsvHelper.dll","C:\\Users\\Sonali\\.nuget\\packages\\documentformat.openxml/2.5.0\\lib/DocumentFormat.OpenXml.dll","C:\\Users\\Sonali\\.nuget\\packages\\microsoft.visualstudio.ole.interop/7.10.6071\\lib/Microsoft.VisualStudio.OLE.Interop.dll","C:\\Users\\Sonali\\.nuget\\packages\\npoi/2.2.1\\lib/net40/NPOI.OOXML.dll","C:\\Users\\Sonali\\.nuget\\packages\\npoi/2.2.1\\lib/net40/NPOI.OpenXml4Net.dll","C:\\Users\\Sonali\\.nuget\\packages\\npoi/2.2.1\\lib/net40/NPOI.OpenXmlFormats.dll","C:\\Users\\Sonali\\.nuget\\packages\\npoi/2.2.1\\lib/net40/NPOI.dll","C:\\Users\\Sonali\\.nuget\\packages\\sharpziplib/0.86.0\\lib/20/ICSharpCode.SharpZipLib.dll","C:\\Users\\Sonali\\.nuget\\packages\\uipath.excel.activities/2.4.6884.25683\\lib/net452/UiPath.Excel.Activities.Design.dll","C:\\Users\\Sonali\\.nuget\\packages\\uipath.excel.activities/2.4.6884.25683\\lib/net452/UiPath.Excel.Activities.dll","C:\\Users\\Sonali\\.nuget\\packages\\uipath.excel.activities/2.4.6884.25683\\lib/net452/UiPath.Excel.dll"]},{"Package":{"Id":"UiPath.Mail.Activities","Version":"1.2.6863.29868"},"Assemblies":["C:\\Users\\Sonali\\.nuget\\packages\\bouncycastle/1.8.1\\lib/BouncyCastle.Crypto.dll","C:\\Users\\Sonali\\.nuget\\packages\\microsoft.exchange.webservices/2.2.0\\lib/40/Microsoft.Exchange.WebServices.Auth.dll","C:\\Users\\Sonali\\.nuget\\packages\\microsoft.exchange.webservices/2.2.0\\lib/40/Microsoft.Exchange.WebServices.dll","C:\\Users\\Sonali\\.nuget\\packages\\uipath.mail.activities/1.2.6863.29868\\lib/net40/MailKit.dll","C:\\Users\\Sonali\\.nuget\\packages\\uipath.mail.activities/1.2.6863.29868\\lib/net40/MimeKit.dll","C:\\Users\\Sonali\\.nuget\\packages\\uipath.mail.activities/1.2.6863.29868\\lib/net40/UiPath.Mail.Activities.Design.dll","C:\\Users\\Sonali\\.nuget\\packages\\uipath.mail.activities/1.2.6863.29868\\lib/net40/UiPath.Mail.Activities.dll","C:\\Users\\Sonali\\.nuget\\packages\\uipath.mail.activities/1.2.6863.29868\\lib/net40/UiPath.Mail.dll"]},{"Package":{"Id":"UiPath","Version":"9.0.6893.27943"},"Assemblies":["C:\\Users\\Sonali\\.nuget\\packages\\uipath/9.0.6893.27943\\lib/UiPath.Interop.dll"]},{"Package":{"Id":"UiPath.Vision","Version":"1.1.0"},"Assemblies":["C:\\Users\\Sonali\\.nuget\\packages\\uipath.vision/1.1.0\\lib/net452/UiPath.Vision.Core.dll","C:\\Users\\Sonali\\.nuget\\packages\\uipath.vision/1.1.0\\lib/net452/UiPath.Vision.Package.dll","C:\\Users\\Sonali\\.nuget\\packages\\uipath.vision/1.1.0\\lib/net452/UiPath.Vision.dll"]},{"Package":{"Id":"ConvertToSecureStringActivities","Version":"1.0.0.1"},"Assemblies":["C:\\Users\\Sonali\\.nuget\\packages\\converttosecurestringactivities/1.0.0.1\\lib/netstandard2.0/Convert To Secure String.dll"]},{"Package":{"Id":"UiPath.Cognitive.Activities","Version":"2.1.6863.31992"},"Assemblies":["C:\\Users\\Sonali\\.nuget\\packages\\newtonsoft.json/10.0.3\\lib/net45/Newtonsoft.Json.dll","C:\\Users\\Sonali\\.nuget\\packages\\uipath.cognitive.activities/2.1.6863.31992\\lib/net45/UiPath.Cognitive.Activities.Design.dll","C:\\Users\\Sonali\\.nuget\\packages\\uipath.cognitive.activities/2.1.6863.31992\\lib/net45/UiPath.Cognitive.Activities.dll","C:\\Users\\Sonali\\.nuget\\packages\\uipath.cognitive.activities/2.1.6863.31992\\lib/net45/UiPath.Cognitive.dll"]},{"Package":{"Id":"UiPath.Credentials.Activities","Version":"1.1.6479.13204"},"Assemblies":["C:\\Users\\Sonali\\.nuget\\packages\\credentialmanagement/1.0.2\\lib/net35/CredentialManagement.dll","C:\\Users\\Sonali\\.nuget\\packages\\uipath.credentials.activities/1.1.6479.13204\\lib/net40-client/UiPath.Credentials.Activities.dll"]},{"Package":{"Id":"UiPath.Cryptography.Activities","Version":"1.0.6863.32236"},"Assemblies":["C:\\Users\\Sonali\\.nuget\\packages\\uipath.cryptography.activities/1.0.6863.32236\\lib/net452/UiPath.Cryptography.Activities.Design.dll","C:\\Users\\Sonali\\.nuget\\packages\\uipath.cryptography.activities/1.0.6863.32236\\lib/net452/UiPath.Cryptography.Activities.dll","C:\\Users\\Sonali\\.nuget\\packages\\uipath.cryptography.activities/1.0.6863.32236\\lib/net452/UiPath.Cryptography.dll"]},{"Package":{"Id":"UiPath.Database.Activities","Version":"1.2.6863.32528"},"Assemblies":["C:\\Users\\Sonali\\.nuget\\packages\\uipath.database.activities/1.2.6863.32528\\lib/net40-Client/Microsoft.Data.ConnectionUI.Dialog.dll","C:\\Users\\Sonali\\.nuget\\packages\\uipath.database.activities/1.2.6863.32528\\lib/net40-Client/UiPath.Database.Activities.Design.dll","C:\\Users\\Sonali\\.nuget\\packages\\uipath.database.activities/1.2.6863.32528\\lib/net40-Client/UiPath.Database.Activities.dll","C:\\Users\\Sonali\\.nuget\\packages\\uipath.database.activities/1.2.6863.32528\\lib/net40-Client/UiPath.Database.dll"]},{"Package":{"Id":"UiPath.FTP.Activities","Version":"1.0.6710.16240"},"Assemblies":["C:\\Users\\Sonali\\.nuget\\packages\\fluentftp/19.1.2\\lib/net45/FluentFTP.dll","C:\\Users\\Sonali\\.nuget\\packages\\ssh.net/2016.1.0\\lib/net40/Renci.SshNet.dll","C:\\Users\\Sonali\\.nuget\\packages\\uipath.ftp.activities/1.0.6710.16240\\lib/net452/UiPath.FTP.Activities.Design.dll","C:\\Users\\Sonali\\.nuget\\packages\\uipath.ftp.activities/1.0.6710.16240\\lib/net452/UiPath.FTP.Activities.dll","C:\\Users\\Sonali\\.nuget\\packages\\uipath.ftp.activities/1.0.6710.16240\\lib/net452/UiPath.FTP.dll"]},{"Package":{"Id":"UiPath.IntelligentOCR.Activities","Version":"1.1.6863.32845"},"Assemblies":["C:\\Users\\Sonali\\.nuget\\packages\\uipath.intelligentocr.activities/1.1.6863.32845\\lib/net452/FCEngine.VisualComponents.dll","C:\\Users\\Sonali\\.nuget\\packages\\uipath.intelligentocr.activities/1.1.6863.32845\\lib/net452/Interop.FCEngine.dll","C:\\Users\\Sonali\\.nuget\\packages\\uipath.intelligentocr.activities/1.1.6863.32845\\lib/net452/UiPath.IntelligentOCR.Activities.Design.dll","C:\\Users\\Sonali\\.nuget\\packages\\uipath.intelligentocr.activities/1.1.6863.32845\\lib/net452/UiPath.IntelligentOCR.Activities.dll","C:\\Users\\Sonali\\.nuget\\packages\\uipath.intelligentocr.activities/1.1.6863.32845\\lib/net452/UiPath.IntelligentOCR.dll"]},{"Package":{"Id":"UiPath.Java.Activities","Version":"1.0.6863.33114"},"Assemblies":["C:\\Users\\Sonali\\.nuget\\packages\\uipath.java.activities/1.0.6863.33114\\lib/net452/UiPath.Java.Activities.Design.dll","C:\\Users\\Sonali\\.nuget\\packages\\uipath.java.activities/1.0.6863.33114\\lib/net452/UiPath.Java.Activities.dll","C:\\Users\\Sonali\\.nuget\\packages\\uipath.java.activities/1.0.6863.33114\\lib/net452/UiPath.Java.dll"]},{"Package":{"Id":"UiPath.PDF.Activities","Version":"1.2.6863.34697"},"Assemblies":["C:\\Users\\Sonali\\.nuget\\packages\\uipath.pdf.activities/1.2.6863.34697\\lib/net40-Client/UiPath.PDF.Activities.Design.dll","C:\\Users\\Sonali\\.nuget\\packages\\uipath.pdf.activities/1.2.6863.34697\\lib/net40-Client/UiPath.PDF.Activities.dll","C:\\Users\\Sonali\\.nuget\\packages\\uipath.pdf.activities/1.2.6863.34697\\lib/net40-Client/UiPath.PDF.dll","C:\\Users\\Sonali\\.nuget\\packages\\uipath.pdf.activities/1.2.6863.34697\\lib/net40-Client/x86/pdfium.dll"]},{"Package":{"Id":"UiPath.Python.Activities","Version":"1.1.6863.33404"},"Assemblies":["C:\\Users\\Sonali\\.nuget\\packages\\uipath.python.activities/1.1.6863.33404\\lib/net452/UiPath.Python.Activities.Design.dll","C:\\Users\\Sonali\\.nuget\\packages\\uipath.python.activities/1.1.6863.33404\\lib/net452/UiPath.Python.Activities.dll","C:\\Users\\Sonali\\.nuget\\packages\\uipath.python.activities/1.1.6863.33404\\lib/net452/UiPath.Python.dll","C:\\Users\\Sonali\\.nuget\\packages\\uipath.python.activities/1.1.6863.33404\\lib/net452/x64/Python.Runtime.35.dll","C:\\Users\\Sonali\\.nuget\\packages\\uipath.python.activities/1.1.6863.33404\\lib/net452/x64/Python.Runtime.36.dll","C:\\Users\\Sonali\\.nuget\\packages\\uipath.python.activities/1.1.6863.33404\\lib/net452/x86/Python.Runtime.27.dll","C:\\Users\\Sonali\\.nuget\\packages\\uipath.python.activities/1.1.6863.33404\\lib/net452/x86/Python.Runtime.33.dll","C:\\Users\\Sonali\\.nuget\\packages\\uipath.python.activities/1.1.6863.33404\\lib/net452/x86/Python.Runtime.34.dll","C:\\Users\\Sonali\\.nuget\\packages\\uipath.python.activities/1.1.6863.33404\\lib/net452/x86/Python.Runtime.35.dll","C:\\Users\\Sonali\\.nuget\\packages\\uipath.python.activities/1.1.6863.33404\\lib/net452/x86/Python.Runtime.36.dll"]},{"Package":{"Id":"UiPath.Terminal.Activities","Version":"1.2.6863.33681"},"Assemblies":["C:\\Users\\Sonali\\.nuget\\packages\\fluent.ribbon/3.5.1.198\\lib/net45/Fluent.dll","C:\\Users\\Sonali\\.nuget\\packages\\fluent.ribbon/3.5.1.198\\lib/net45/System.Windows.Interactivity.dll","C:\\Users\\Sonali\\.nuget\\packages\\uipath.terminal.activities/1.2.6863.33681\\lib/net45/NLog.dll","C:\\Users\\Sonali\\.nuget\\packages\\uipath.terminal.activities/1.2.6863.33681\\lib/net45/Open3270.dll","C:\\Users\\Sonali\\.nuget\\packages\\uipath.terminal.activities/1.2.6863.33681\\lib/net45/UiPath.Terminal.Activities.Design.dll","C:\\Users\\Sonali\\.nuget\\packages\\uipath.terminal.activities/1.2.6863.33681\\lib/net45/UiPath.Terminal.Activities.dll","C:\\Users\\Sonali\\.nuget\\packages\\uipath.terminal.activities/1.2.6863.33681\\lib/net45/UiPath.Terminal.Attachmate.dll","C:\\Users\\Sonali\\.nuget\\packages\\uipath.terminal.activities/1.2.6863.33681\\lib/net45/UiPath.Terminal.AttachmateExtra.dll","C:\\Users\\Sonali\\.nuget\\packages\\uipath.terminal.activities/1.2.6863.33681\\lib/net45/UiPath.Terminal.BlueZone.dll","C:\\Users\\Sonali\\.nuget\\packages\\uipath.terminal.activities/1.2.6863.33681\\lib/net45/UiPath.Terminal.IBM.dll","C:\\Users\\Sonali\\.nuget\\packages\\uipath.terminal.activities/1.2.6863.33681\\lib/net45/UiPath.Terminal.dll"]},{"Package":{"Id":"UiPath.WebAPI.Activities","Version":"1.2.6863.33980"},"Assemblies":["C:\\Users\\Sonali\\.nuget\\packages\\avalonedit/5.0.3\\lib/Net40/ICSharpCode.AvalonEdit.dll","C:\\Users\\Sonali\\.nuget\\packages\\newtonsoft.json/10.0.3\\lib/net45/Newtonsoft.Json.dll","C:\\Users\\Sonali\\.nuget\\packages\\restsharp/105.0.1\\lib/net4/RestSharp.dll","C:\\Users\\Sonali\\.nuget\\packages\\uipath.webapi.activities/1.2.6863.33980\\lib/net45/UiPath.Web.Activities.Design.dll","C:\\Users\\Sonali\\.nuget\\packages\\uipath.webapi.activities/1.2.6863.33980\\lib/net45/UiPath.Web.Activities.dll","C:\\Users\\Sonali\\.nuget\\packages\\uipath.webapi.activities/1.2.6863.33980\\lib/net45/UiPath.Web.dll"]},{"Package":{"Id":"UiPath.Word.Activities","Version":"1.2.6863.34260"},"Assemblies":["C:\\Users\\Sonali\\.nuget\\packages\\docx/1.0.0.18\\lib/net40/DocX.dll","C:\\Users\\Sonali\\.nuget\\packages\\uipath.word.activities/1.2.6863.34260\\lib/net40-Client/UiPath.Word.Activities.Design.dll","C:\\Users\\Sonali\\.nuget\\packages\\uipath.word.activities/1.2.6863.34260\\lib/net40-Client/UiPath.Word.Activities.dll","C:\\Users\\Sonali\\.nuget\\packages\\uipath.word.activities/1.2.6863.34260\\lib/net40-Client/UiPath.Word.dll"]},{"Package":{"Id":"UiPath.Script.Activities","Version":"1.0.6710.16240"},"Assemblies":["C:\\Users\\Sonali\\.nuget\\packages\\system.management.automation/6.1.7601.17515\\lib/net45/System.Management.Automation.dll","C:\\Users\\Sonali\\.nuget\\packages\\uipath.script.activities/1.0.6710.16240\\lib/net45/AutoHotkey.Interop.dll","C:\\Users\\Sonali\\.nuget\\packages\\uipath.script.activities/1.0.6710.16240\\lib/net45/UiPath.Script.Activities.Design.dll","C:\\Users\\Sonali\\.nuget\\packages\\uipath.script.activities/1.0.6710.16240\\lib/net45/UiPath.Script.Activities.dll","C:\\Users\\Sonali\\.nuget\\packages\\uipath.script.activities/1.0.6710.16240\\lib/net45/UiPath.Script.dll"]},{"Package":{"Id":"UiPathTeam.PDF.Extensions.Activities","Version":"2.2.0"},"Assemblies":["C:\\Users\\Sonali\\.nuget\\packages\\pdfsharp/1.32.3057\\lib/net20/PdfSharp.Charting.dll","C:\\Users\\Sonali\\.nuget\\packages\\pdfsharp/1.32.3057\\lib/net20/PdfSharp.dll","C:\\Users\\Sonali\\.nuget\\packages\\uipathteam.pdf.extensions.activities/2.2.0\\lib/net452/PdfSharp.dll","C:\\Users\\Sonali\\.nuget\\packages\\uipathteam.pdf.extensions.activities/2.2.0\\lib/net452/UiPathTeam.PDF.Extensions.Activities.dll"]},{"Package":{"Id":"UiPathTeam.File.Activities","Version":"1.0.4"},"Assemblies":["C:\\Users\\Sonali\\.nuget\\packages\\uipathteam.file.activities/1.0.4\\lib/net452/UiPathTeam.File.Activities.Design.dll","C:\\Users\\Sonali\\.nuget\\packages\\uipathteam.file.activities/1.0.4\\lib/net452/UiPathTeam.File.Activities.dll"]},{"Package":{"Id":"Microsoft.Activities","Version":"1.0.1"},"Assemblies":["C:\\Users\\Sonali\\.nuget\\packages\\microsoft.activities/1.0.1\\lib/net45/Microsoft.Activities.Design.dll","C:\\Users\\Sonali\\.nuget\\packages\\microsoft.activities/1.0.1\\lib/net45/Microsoft.Activities.Design.Services.dll","C:\\Users\\Sonali\\.nuget\\packages\\microsoft.activities/1.0.1\\lib/net45/Microsoft.Activities.dll","C:\\Users\\Sonali\\.nuget\\packages\\microsoft.activities/1.0.1\\lib/net45/Microsoft.Workflow.Client.dll","C:\\Users\\Sonali\\.nuget\\packages\\microsoft.activities/1.0.1\\lib/net45/Microsoft.Workflow.Common.dll","C:\\Users\\Sonali\\.nuget\\packages\\microsoft.activities/1.0.1\\lib/net45/Microsoft.Workflow.Tracing.dll"]}],"Conflicts":[]}